{
  "experiment": "52e",
  "description": "Ising two-parameter (t, h) test",
  "timestamp": "2026-02-08T20:46:58.691437",
  "parameters": {
    "L": 32,
    "n_temps": 7,
    "n_fields": 7,
    "n_samples": 8,
    "T_range": [
      2.04226678279172,
      2.4961038456343245
    ],
    "h_range": [
      -0.3,
      0.3
    ]
  },
  "results": {
    "explained_variance": [
      0.9675007692944895,
      0.029735606009160972,
      0.0017045581932383924,
      0.0007352518857902088
    ],
    "PC1_correlations": {
      "t": 0.687238916522809,
      "h": 0.0012171835968619376
    },
    "PC2_correlations": {
      "t": -0.465666900984256,
      "h": -0.004447157850771019
    },
    "optimal_rotation_deg": 75.50979885674266,
    "rotated_correlations": {
      "axis0_t": 0.8301462515925737,
      "axis0_h": 0.0035038445674594187,
      "axis1_t": 0.6654583477786884,
      "axis1_h": 0.0010146558227296914
    },
    "success": false
  }
}