{
  "experiment": "53",
  "description": "Vicsek model coupling coordinate discovery",
  "timestamp": "2026-02-09T02:14:05.791034",
  "parameters": {
    "N": 300,
    "L": 10.0,
    "v": 0.5,
    "R": 1.0,
    "eta_range": [
      0.1,
      3.0
    ],
    "n_etas": 12,
    "n_samples": 15
  },
  "results": {
    "r_PC1_eta": 0.9579921434065227,
    "r_PC1_phi": -0.9837547328975751,
    "r_PC2_eta": -0.22538731806889872,
    "r_phi_eta": -0.9732372736964682,
    "explained_variance": [
      0.699991863078036,
      0.1863735826254186,
      0.055180085111088635,
      0.0346335097796341
    ],
    "PC1_loadings": {
      "local_\u03c6_mean": -0.39025236477532754,
      "local_\u03c6_var": 0.3748087347855267,
      "density_var": -0.14729428462634014,
      "grad_v_mean": 0.39439894521470115,
      "grad_v_var": -0.1034917380599996,
      "vorticity_mean": 0.37260809360944236,
      "vorticity_var": 0.35573367364958436,
      "divergence_mean": 0.37630784194101363,
      "divergence_var": 0.33507312649809684
    },
    "strength": "STRONG",
    "success": true
  }
}