{
  "experiment": "50q",
  "description": "KPZ-vs-KPZ positive control (within-class convergence test)",
  "note": "Two KPZ parameter regimes with same universality class",
  "pilot_mode": true,
  "parameters": {
    "L": 256,
    "T": 300,
    "N": 200,
    "kpz_A": {
      "nu": 1.0,
      "lambda": 1.0,
      "D": 0.1
    },
    "kpz_B": {
      "nu": 1.0,
      "lambda": 0.5,
      "D": 0.05
    },
    "scales": [
      1,
      2,
      4
    ],
    "workers": 4
  },
  "diagnostic_gate": {
    "passed": true,
    "A_invariance_pass": true,
    "B_invariance_pass": true,
    "A_slope": 0.0015521795405958605,
    "B_slope": 0.002352062953897109,
    "threshold": 0.005
  },
  "kpz_A_vs_B": {
    "distances": [
      0.06358670286018571,
      0.06455389070596315,
      0.06744206298968654
    ],
    "slope": 0.0019276800647504144,
    "relative_change_percent": 6.063154647250677
  },
  "sigma": 1.810745109224655
}