{
  "nu_fit": 0.8842618012162513,
  "inv_nu_fit": 1.1308868014252764,
  "nu_exact": 0.8333333333333334,
  "error_pct": 6.111416145950153,
  "slopes": [
    2.3428799801404994,
    4.226526533328163,
    5.269640757999554,
    8.341290545780922
  ],
  "r": 0.9939106109083485,
  "L_values": [
    16,
    24,
    32,
    48
  ],
  "T_values": [
    0.9651236752396625,
    0.9725859716977011,
    0.9800482681557398,
    0.9875105646137784,
    0.9949728610718169,
    1.0024351575298556,
    1.0098974539878942,
    1.0173597504459329,
    1.0248220469039715
  ]
}