{
  "comparison": {
    "metric": [
      "hdbscan_ari",
      "kmeans_ari",
      "knn_3",
      "ew_kpz_dist"
    ],
    "6D": [
      0.4963351060312195,
      0.18458358827569296,
      0.8270833333333332,
      0.8737553956044797
    ],
    "10D": [
      0.4963351060312195,
      0.49830721169625014,
      0.9770833333333334,
      1.325931399424075
    ],
    "delta": [
      0.0,
      0.31372362342055715,
      0.15000000000000024,
      0.4521760038195952
    ]
  },
  "results_6d": {
    "n_samples": 480,
    "n_features": 6,
    "n_true_classes": 4,
    "true_class_counts": {
      "EW": 80,
      "KPZ": 240,
      "KS": 80,
      "trivial": 80
    },
    "per_system": {
      "bd": {
        "n": 80,
        "feature_means": [
          12.82916874186198,
          0.004206385105792994,
          2.7418148144786927,
          93.93168570963542,
          -5.377853922526042,
          169.9789846407573
        ],
        "feature_stds": [
          0.3964123806631997,
          0.05948580508762178,
          0.23856391462581225,
          2.151627638938804,
          0.11953760797990101,
          50.63759024557163
        ]
      },
      "eden": {
        "n": 80,
        "feature_means": [
          1.3069174397786463,
          0.0053534267001531305,
          0.21173578874443622,
          5.284884928385418,
          -0.07915950520833331,
          24.84412689622243
        ],
        "feature_stds": [
          0.055122340705595796,
          0.035544309159918255,
          0.0607432203106236,
          0.07288224946448345,
          0.007158118643037354,
          7.224058225908245
        ]
      },
      "ew": {
        "n": 80,
        "feature_means": [
          0.6278693194882372,
          0.0017706403046406087,
          -0.038312251400257714,
          2.9282137556082,
          -0.00029992238034297,
          11.820559027677048
        ],
        "feature_stds": [
          0.37635676827504944,
          0.025283610225764742,
          0.0263046046720988,
          1.6247906529837142,
          0.002284150307889421,
          6.619957892746819
        ]
      },
      "kpz": {
        "n": 80,
        "feature_means": [
          0.5290332816360287,
          -0.0009704522839258748,
          -0.021468179316300302,
          2.339135943976206,
          -0.022179979201961686,
          9.800044391560863
        ],
        "feature_stds": [
          0.31227614372553664,
          0.03578771784569928,
          0.03925966303062999,
          1.5253250819645923,
          0.03453289678722787,
          6.5353215314485205
        ]
      },
      "ks": {
        "n": 80,
        "feature_means": [
          0.011247377618827577,
          -8.831327665692416e-08,
          -1.288473575443939,
          8.85539226127226e-06,
          1.1610887960766997e-08,
          17.281653531045137
        ],
        "feature_stds": [
          0.00019113348436623992,
          4.399795225798498e-06,
          0.0039012936114571064,
          1.7041379026704097e-07,
          1.1165314075532952e-08,
          0.28054198795760965
        ]
      },
      "rd": {
        "n": 80,
        "feature_means": [
          318.4216617855539,
          -0.013371381890568513,
          -0.05048893883574733,
          3743.9072346932417,
          11.002788295677458,
          630.24824345037
        ],
        "feature_stds": [
          30.265249191929797,
          0.12057013804431865,
          0.2791684754300544,
          470.4629149422445,
          45.43948539233448,
          53.50032195509251
        ]
      }
    },
    "hdbscan": {
      "n_clusters": 4,
      "n_noise": 1,
      "ari": 0.4963351060312195,
      "nmi": 0.7430736897469615
    },
    "kmeans": {
      "k": 4,
      "ari": 0.18458358827569296,
      "nmi": 0.4936498411271115
    },
    "kmeans_sweep": {
      "2": {
        "silhouette": 0.6668450598660018,
        "ari": 0.3216670038438195
      },
      "3": {
        "silhouette": 0.6134182239712103,
        "ari": 0.22005117469178878
      },
      "4": {
        "silhouette": 0.6157279033865691,
        "ari": 0.18458358827569296
      },
      "5": {
        "silhouette": 0.6208241464352698,
        "ari": 0.1737154621177231
      },
      "6": {
        "silhouette": 0.550390755510581,
        "ari": 0.449395640102692
      },
      "7": {
        "silhouette": 0.5452043735015184,
        "ari": 0.4440141315780228
      },
      "8": {
        "silhouette": 0.5442593589271115,
        "ari": 0.4075202331135648
      }
    },
    "kmeans_best_k": 2,
    "knn_1": {
      "mean_accuracy": 0.8125,
      "std_accuracy": 0.12201292053621933
    },
    "knn_3": {
      "mean_accuracy": 0.8270833333333332,
      "std_accuracy": 0.11906026718524625
    },
    "knn_5": {
      "mean_accuracy": 0.83125,
      "std_accuracy": 0.11662945835232008
    },
    "centroid_distances": {
      "EW_vs_KPZ": 0.8737553956044797,
      "EW_vs_KS": 1.0234753787857023,
      "EW_vs_trivial": 4.709923566313106,
      "KPZ_vs_KS": 1.8708701100924825,
      "KPZ_vs_trivial": 4.627467721355813,
      "KS_vs_trivial": 4.806588203174822
    },
    "config": {
      "L": 256,
      "T": 2000,
      "N": 80,
      "systems": [
        "ew",
        "kpz",
        "bd",
        "eden",
        "rd",
        "ks"
      ],
      "mode": "full",
      "spatial_features": [
        "grad_var",
        "grad_skew",
        "grad_kurt",
        "lap_var",
        "grad_lap_cov",
        "h_var"
      ],
      "temporal_features": [
        "beta_eff",
        "vel_skew",
        "vel_kurt",
        "slope_growth"
      ]
    }
  },
  "results_10d": {
    "n_samples": 480,
    "n_features": 10,
    "n_true_classes": 4,
    "true_class_counts": {
      "EW": 80,
      "KPZ": 240,
      "KS": 80,
      "trivial": 80
    },
    "per_system": {
      "bd": {
        "n": 80,
        "feature_means": [
          12.82916874186198,
          0.004206385105792994,
          2.7418148144786927,
          93.93168570963542,
          -5.377853922526042,
          169.9789846407573,
          0.06692091105538478,
          0.4506342483861789,
          0.896904206467122,
          0.0799637099003495
        ],
        "feature_stds": [
          0.3964123806631997,
          0.05948580508762178,
          0.23856391462581225,
          2.151627638938804,
          0.11953760797990101,
          50.63759024557163,
          0.16827697517451176,
          0.07303613108549091,
          0.19335686079488723,
          0.005937848378039906
        ]
      },
      "eden": {
        "n": 80,
        "feature_means": [
          1.3069174397786463,
          0.0053534267001531305,
          0.21173578874443622,
          5.284884928385418,
          -0.07915950520833331,
          24.84412689622243,
          0.2419132131543403,
          0.1659202101956419,
          0.05794929226869078,
          -0.02116308556992576
        ],
        "feature_stds": [
          0.055122340705595796,
          0.035544309159918255,
          0.0607432203106236,
          0.07288224946448345,
          0.007158118643037354,
          7.224058225908245,
          0.08627720133090051,
          0.013820258743350524,
          0.030209174302722408,
          0.007232352947475024
        ]
      },
      "ew": {
        "n": 80,
        "feature_means": [
          0.6278693194882372,
          0.0017706403046406087,
          -0.038312251400257714,
          2.9282137556082,
          -0.00029992238034297,
          11.820559027677048,
          0.2353369385341423,
          0.00018694477047537407,
          0.0001851325284371763,
          0.0002683779498805221
        ],