{
  "part_c": {
    "fisher_matrix": [
      [
        1512.12782573713,
        -1194.6425411371629
      ],
      [
        -1194.642541174007,
        1199.7948715373327
      ]
    ],
    "eigenvalues": [
      2560.7678765712735,
      151.1548207031891
    ],
    "eigenvectors": [
      [
        -0.7515382716811418,
        -0.6596894922602011
      ],
      [
        0.6596894922602011,
        -0.7515382716811418
      ]
    ],
    "jacobian": [
      [
        37.011067211717915,
        -30.23241738023025
      ],
      [
        -38.56221340832496,
        28.956752060356408
      ],
      [
        38.562213408324965,
        -28.95675206035643
      ],
      [
        -35.65810400210842,
        27.695932223554042
      ],
      [
        33.967092954320606,
        -24.549217333398957
      ],
      [
        26.24326720362063,
        -30.568304054169086
      ]
    ],
    "thermal_alignment": 0.751538271681142,
    "pca_alignment": 0.9984956543996067,
    "eigenvalue_ratio": 16.941357640188354
  }
}