{
  "invariant": {
    "nu_opt": 2.5152839853477382,
    "error_pct": 201.83407824172858,
    "quality": 0.36733184169804356,
    "explained_variance": [
      0.9056637819949176,
      0.06497197572800634,
      0.021716351043202003,
      0.007647891233873988,
      0.0,
      0.0
    ],
    "loadings_pc1": [
      -0.4083910741131807,
      0.361463425112234,
      0.42459061310932433,
      -0.42459061310932433,
      0.42459061310932433,
      0.40215588603072705
    ]
  },
  "with_op": {
    "nu_opt": 2.505089696409305,
    "error_pct": 200.61076356911656,
    "quality": 0.41159814570374254,
    "explained_variance": [
      0.7060937803779203,
      0.11115100125775729,
      0.1111136647439047,
      0.049000261838116475,
      0.015534333363456962,
      0.0069642039380741734,
      0.00014275448077030604,
      3.5829015871045913e-17,
      0.0
    ],
    "loadings_pc1": [
      -0.012736033435659232,
      0.005745519876219789,
      -0.3829518618438909,
      -0.3829998888823721,
      0.32707440744496546,
      0.39343617425755195,
      -0.39343617425755195,
      0.3934361742575519,
      0.36757312392411784
    ]
  },
  "norm_only": {
    "nu_opt": 2.507327269956792,
    "error_pct": 200.87927239481502,
    "quality": 0.41153685171670756,
    "explained_variance": [
      0.9076854960928785,
      0.06320200118166519,
      0.0199733841871233,
      0.008955522930452865,
      0.0001835956078801235,
      2.241633118432642e-18,
      0.0
    ],
    "loadings_pc1": [
      0.38301171033419934,
      0.3830604842701294,
      -0.3270549933735524,
      -0.3934814993339714,
      0.39348149933397153,
      -0.39348149933397153,
      -0.3675848956264406
    ]
  },
  "verdict": "FALSIFIED",
  "nu_exact": 0.8333333333333334,
  "ratio_inv_op": 1.004069430708627
}