{
  "n_samples": 480,
  "n_true_classes": 4,
  "true_class_counts": {
    "EW": 80,
    "KPZ": 240,
    "KS": 80,
    "trivial": 80
  },
  "per_system": {
    "bd": {
      "n": 80,
      "feature_means": [
        12.818051757812498,
        -0.008907494290645957,
        2.781380779864256,
        93.79550195312501,
        -5.369198486328125,
        161.8636816314061
      ],
      "feature_stds": [
        0.4270879828924143,
        0.061085952818322506,
        0.32182001032119345,
        2.2191928452921026,
        0.116758434466546,
        46.57736504316541
      ]
    },
    "eden": {
      "n": 80,
      "feature_means": [
        1.3214495442708336,
        -0.002489131301536781,
        0.1908538373757305,
        5.297231119791666,
        -0.07991170247395833,
        24.11480379009247
      ],
      "feature_stds": [
        0.0529735919471027,
        0.028352272869309626,
        0.0542605270071854,
        0.08376565241262238,
        0.0066607973045672226,
        8.008531688108036
      ]
    },
    "ew": {
      "n": 80,
      "feature_means": [
        0.631779139877985,
        -0.0032862557995994323,
        -0.03721850409936579,
        2.937291558558141,
        -4.05235022994638e-05,
        10.768885143812028
      ],
      "feature_stds": [
        0.3846250954649346,
        0.028096032823437964,
        0.0380538093076908,
        1.6427152012618522,
        0.002876515071036697,
        6.280637242230849
      ]
    },
    "kpz": {
      "n": 80,
      "feature_means": [
        0.5311319160247528,
        0.0022107475138826776,
        -0.021739866920880875,
        2.344726589651378,
        -0.02348010061531276,
        10.533653253369916
      ],
      "feature_stds": [
        0.32064659890809094,
        0.032924454472359144,
        0.04356436630015856,
        1.5354785306630387,
        0.0372583017473869,
        7.560508980810892
      ]
    },
    "ks": {
      "n": 80,
      "feature_means": [
        0.011247287175409256,
        -1.1332093055806051e-07,
        -1.288480993179376,
        8.854857251657734e-06,
        1.2172115137623726e-08,
        17.281819817713014
      ],
      "feature_stds": [
        0.0001527091088334803,
        4.242420582091365e-06,
        0.003222231954707255,
        1.4140454572784094e-07,
        1.178611383462491e-08,
        0.22069693620022574
      ]
    },
    "rd": {
      "n": 80,
      "feature_means": [
        312.7615791939958,
        0.009310672339635834,
        -0.04426006194515974,
        3655.394909583242,
        0.168142217481215,
        617.8040316444027
      ],
      "feature_stds": [
        31.473308667823638,
        0.11393738886760146,
        0.2522383334341774,
        425.1349851981503,
        41.71375932105524,
        52.98605297766564
      ]
    }
  },
  "hdbscan": {
    "n_clusters": 4,
    "n_noise": 2,
    "ari": 0.49476343280378143,
    "nmi": 0.7422902350998982
  },
  "kmeans": {
    "k": 4,
    "ari": 0.18491941765409903,
    "nmi": 0.49382350433464833
  },
  "kmeans_sweep": {
    "2": {
      "silhouette": 0.6656592893287978,
      "ari": 0.3216670038438195
    },
    "3": {
      "silhouette": 0.6144558745300213,
      "ari": 0.22005117469178878
    },
    "4": {
      "silhouette": 0.6200308573528566,
      "ari": 0.18491941765409903
    },
    "5": {
      "silhouette": 0.619433967227151,
      "ari": 0.17258916915073128
    },
    "6": {
      "silhouette": 0.624609147978958,
      "ari": 0.1688902390650559
    },
    "7": {
      "silhouette": 0.5495843960291201,
      "ari": 0.4444395847215245
    },
    "8": {
      "silhouette": 0.5484473179422394,
      "ari": 0.40848518300015074
    }
  },
  "kmeans_best_k": 2,
  "knn_1": {
    "mean_accuracy": 0.8166666666666667,
    "std_accuracy": 0.1219417552221825
  },
  "knn_3": {
    "mean_accuracy": 0.8208333333333332,
    "std_accuracy": 0.10362358429538242
  },
  "knn_5": {
    "mean_accuracy": 0.7979166666666666,
    "std_accuracy": 0.1302041665999979
  },
  "centroid_distances": {
    "EW_vs_KPZ": 0.868266878977784,
    "EW_vs_KS": 1.0129114611316883,
    "EW_vs_trivial": 4.6780766573437,
    "KPZ_vs_KS": 1.8527005079375487,
    "KPZ_vs_trivial": 4.58068750117519,
    "KS_vs_trivial": 4.770046281314601
  },
  "config": {
    "L": 256,
    "T": 2000,
    "N": 80,
    "systems": [
      "ew",
      "kpz",
      "bd",
      "eden",
      "rd",
      "ks"
    ],
    "mode": "full"
  },
  "predictions": {
    "P3_ks_separates": true,
    "P4_rd_separates": true,
    "P5_ari_above_05": false,
    "P6_ew_separates": true,
    "knn3_above_07": true,
    "n_pass": 4
  },
  "timestamp": "2026-02-12T14:51:12.592717",
  "elapsed_seconds": 161.00095224380493
}