{
  "timestamp": "2026-02-12T13:59:46.780273",
  "config": {
    "L": 64,
    "T": 200,
    "N_train": 30,
    "N_test": 15,
    "latent_dim": 16,
    "epochs": 50,
    "batch_size": 16,
    "mode": "pilot"
  },
  "training": {
    "final_loss": 0.1522318571805954,
    "train_anomaly_median": 0.14285187423229218,
    "train_anomaly_mean": 0.14778806269168854,
    "n_params": 1784913
  },
  "anomaly_scores": {
    "ew": {
      "mean": 0.7931540012359619,
      "std": 0.10005809366703033,
      "median": 0.8116158843040466,
      "ratio_to_train": 0.988447904586792
    },
    "kpz": {
      "mean": 0.8740214705467224,
      "std": 0.14407534897327423,
      "median": 0.8640261292457581,
      "ratio_to_train": 1.0522770881652832
    },
    "bd": {
      "mean": 1.022348403930664,
      "std": 0.04739450290799141,
      "median": 1.0215257406234741,
      "ratio_to_train": 1.2440922260284424
    },
    "eden": {
      "mean": 0.8396498560905457,
      "std": 0.11848557740449905,
      "median": 0.8369216918945312,
      "ratio_to_train": 1.0192673206329346
    },
    "rd": {
      "mean": 1.1271233558654785,
      "std": 0.05917341262102127,
      "median": 1.1347389221191406,
      "ratio_to_train": 1.381971836090088
    },
    "ks": {
      "mean": 0.5473482608795166,
      "std": 0.06402132660150528,
      "median": 0.5364713072776794,
      "ratio_to_train": 0.6533557772636414
    }
  },
  "clustering": {
    "ari": 0.0,
    "nmi": 0.0,
    "n_clusters": 0
  },
  "full_latent_clustering": {
    "hdbscan": {
      "ari": 0.0,
      "nmi": 0.0,
      "n_clusters": 0.0
    },
    "kmeans_k4": {
      "ari": 0.002181685958426762,
      "nmi": 0.04710022106893111,
      "n_clusters": 4.0,
      "n_noise": 0.0,
      "n_total": 90.0
    },
    "knn_3_accuracy": 0.5777777777777777
  },
  "predictions": {
    "P1_bd_low": true,
    "P1_eden_low": true,
    "P2_rd_high": false,
    "P3_ks_high": false,
    "P4_clusters": false,
    "P5_ari": true,
    "n_pass": 2,
    "overall": false
  },
  "training_losses": [
    1.5923282504081726,
    1.121570885181427,
    1.0104907602071762,
    0.9444580674171448,
    0.8533577769994736,
    0.8234232515096664,
    0.7774789035320282,
    0.7338503003120422,
    0.6917065978050232,
    0.6518059968948364,
    0.6231561154127121,
    0.595497339963913,
    0.5746238082647324,
    0.5458400845527649,
    0.5200174152851105,
    0.4961422234773636,
    0.46856817603111267,
    0.45121611654758453,
    0.42430227994918823,
    0.40221620351076126,
    0.3816773146390915,
    0.3616115301847458,
    0.34302476048469543,
    0.3250271826982498,
    0.3022339269518852,
    0.2945801541209221,
    0.28083108365535736,
    0.27070095390081406,
    0.2599215395748615,
    0.24985556676983833,
    0.2457193024456501,
    0.23798592761158943,
    0.23493308573961258,
    0.22806454449892044,
    0.22444014251232147,
    0.21705686673521996,
    0.21373550593852997,
    0.20723627507686615,
    0.19964737445116043,
    0.19746822491288185,
    0.19069575890898705,
    0.18497352302074432,
    0.18310310319066048,
    0.17899996042251587,
    0.17575237527489662,
    0.16986823827028275,
    0.1651432402431965,
    0.16049369052052498,
    0.15520179644227028,
    0.1522318571805954
  ],
  "elapsed_seconds": 73.49200582504272
}