{
  "nu_fit": 1.2981359541282727,
  "nu_exact": 0.8333333333333334,
  "error_pct": 55.77631449539271,
  "quality": 0.002577325767940945,
  "L_values": [
    16,
    24,
    32,
    48
  ],
  "success": 