{
  "config": {
    "sizes": [
      [
        64,
        500
      ],
      [
        96,
        750
      ],
      [
        128,
        1000
      ],
      [
        192,
        1500
      ],
      [
        256,
        2000
      ]
    ],
    "seeds": 3,
    "samples": 25
  },
  "elapsed_seconds": 230.22026181221008,
  "per_size": {
    "L64_T500": {
      "6d_spatial": {
        "hdbscan_all_ari": {
          "mean": 0.45295051376641876,
          "std": 0.035939537376302316,
          "min": 0.411456888580675,
          "max": 0.4742970333972581
        },
        "hdbscan_core_ari": {
          "mean": 0.46290553628442677,
          "std": 0.027983596261163004,
          "min": 0.43132925054765825,
          "max": 0.484633821744554
        },
        "kmeans_ari": {
          "mean": 0.185538436778245,
          "std": 0.006492786320059722,
          "min": 0.17935524494055324,
          "max": 0.1923018685079192
        },
        "knn3_accuracy": {
          "mean": 0.831111111111111,
          "std": 0.025239592648001227,
          "min": 0.8133333333333332,
          "max": 0.86
        },
        "ew_kpz_dist": {
          "mean": 0.9046366705477514,
          "std": 0.04285863418443486,
          "min": 0.8639376222825816,
          "max": 0.9493696547893373
        },
        "kpz_ks_dist": {
          "mean": 2.1095061451405535,
          "std": 0.04132988280149418,
          "min": 2.063486683271315,
          "max": 2.1434619283011815
        }
      },
      "10d_spatial_temporal": {
        "hdbscan_all_ari": {
          "mean": 0.45560931260832466,
          "std": 0.01287483471392717,
          "min": 0.4415286142484554,
          "max": 0.46678025728827205
        },
        "hdbscan_core_ari": {
          "mean": 0.48156533399782786,
          "std": 0.004426799301316826,
          "min": 0.4776198087077312,
          "max": 0.48635255479553097
        },
        "kmeans_ari": {
          "mean": 0.49182799943412664,
          "std": 0.0012981991354907231,
          "min": 0.49061503566615167,
          "max": 0.4931972789115646
        },
        "knn3_accuracy": {
          "mean": 0.9688888888888889,
          "std": 0.01018350154434639,
          "min": 0.96,
          "max": 0.9800000000000001
        },
        "ew_kpz_dist": {
          "mean": 1.925810873353248,
          "std": 0.09148673582660014,
          "min": 1.8271497344347667,
          "max": 2.007841711659812
        },
        "kpz_ks_dist": {
          "mean": 3.7585988352936455,
          "std": 0.04420022191339624,
          "min": 3.7126979299958736,
          "max": 3.8008751717988316
        }
      }
    },
    "L96_T750": {
      "6d_spatial": {
        "hdbscan_all_ari": {
          "mean": 0.44905789685018843,
          "std": 0.04350675732828467,
          "min": 0.3988208137332854,
          "max": 0.4742970333972581
        },
        "hdbscan_core_ari": {
          "mean": 0.48236985561582196,
          "std": 0.012027190899854337,
          "min": 0.46937156883178377,
          "max": 0.493104176271128
        },
        "kmeans_ari": {
          "mean": 0.181827224547043,
          "std": 0.002332537518490037,
          "min": 0.17935524494055324,
          "max": 0.18398934549326262
        },
        "knn3_accuracy": {
          "mean": 0.8488888888888889,
          "std": 0.01924500897298746,
          "min": 0.8266666666666668,
          "max": 0.86
        },
        "ew_kpz_dist": {
          "mean": 0.8870207533044564,
          "std": 0.029431373600461264,
          "min": 0.8695544784655336,
          "max": 0.9210007258611849
        },
        "kpz_ks_dist": {
          "mean": 1.9935844021340212,
          "std": 0.02469604360811523,
          "min": 1.9655047824456693,
          "max": 2.0119306941286386
        }
      },
      "10d_spatial_temporal": {
        "hdbscan_all_ari": {
          "mean": 0.46494882590571923,
          "std": 0.009404820791190684,
          "min": 0.4543980492740762,
          "max": 0.4724516541121537
        },
        "hdbscan_core_ari": {
          "mean": 0.48503866176857846,
          "std": 0.006110506678087714,
          "min": 0.47933878490131165,
          "max": 0.49149024491490245
        },
        "kmeans_ari": {
          "mean": 0.48996317561893,
          "std": 5.9960767932600805e-05,
          "min": 0.4899285572534233,
          "max": 0.49003241234994344
        },
        "knn3_accuracy": {
          "mean": 0.9777777777777779,
          "std": 0.007698003589194996,
          "min": 0.9733333333333334,
          "max": 0.9866666666666667
        },
        "ew_kpz_dist": {
          "mean": 1.9684414704064934,
          "std": 0.10188733742279549,
          "min": 1.8510773291927964,
          "max": 2.0342139073638985
        },
        "kpz_ks_dist": {
          "mean": 3.6966009983330395,
          "std": 0.028295966364100467,
          "min": 3.6650275744295158,
          "max": 3.719667881281049
        }
      }
    },
    "L128_T1000": {
      "6d_spatial": {
        "hdbscan_all_ari": {
          "mean": 0.47749491540121936,
          "std": 0.00617864398982337,
          "min": 0.47050288017171515,
          "max": 0.48221943782467575
        },
        "hdbscan_core_ari": {
          "mean": 0.48762687874885585,
          "std": 0.00397271237115436,
          "min": 0.48304375926700377,
          "max": 0.49008786530355025
        },
        "kmeans_ari": {
          "mean": 0.1835219820750733,
          "std": 0.005005012763416553,
          "min": 0.17935524494055324,
          "max": 0.18907361807735348
        },
        "knn3_accuracy": {
          "mean": 0.8622222222222223,
          "std": 0.021430335024428822,
          "min": 0.8466666666666667,
          "max": 0.8866666666666667
        },
        "ew_kpz_dist": {
          "mean": 0.8784128006051604,
          "std": 0.028752027924770482,
          "min": 0.8602053709712475,
          "max": 0.9115591076155839
        },
        "kpz_ks_dist": {
          "mean": 1.9303623102770142,
          "std": 0.05242933790949278,
          "min": 1.8719436133232168,
          "max": 1.9733294695642514
        }
      },
      "10d_spatial_temporal": {
        "hdbscan_all_ari": {
          "mean": 0.46875148083710866,
          "std": 0.0015215745354676046,
          "min": 0.467754788008683,
          "max": 0.47050288017171515
        },
        "hdbscan_core_ari": {
          "mean": 0.48577643291247724,
          "std": 0.005681221437401619,
          "min": 0.47933878490131165,
          "max": 0.49008786530355025
        },
        "kmeans_ari": {
          "mean": 0.4916716837246639,
          "std": 6.798699777552591e-17,
          "min": 0.49167168372466385,
          "max": 0.49167168372466385
        },
        "knn3_accuracy": {
          "mean": 0.9755555555555556,
          "std": 0.010183501544346269,
          "min": 0.9666666666666668,
          "max": 0.9866666666666667
        },
        "ew_kpz_dist": {
          "mean": 1.9283873087169738,
          "std": 0.05974204944570365,
          "min": 1.8784076647083876,
          "max": 1.9945552664313029
        },
        "kpz_ks_dist": {
          "mean": 3.6555081458618806,
          "std": 0.06294340021699761,
          "min": 3.585774690157318,
          "max": 3.708117632730223
        }
      }
    },
    "L192_T1500": {
      "6d_spatial": {
        "hdbscan_all_ari": {
          "mean": 0.45706731982825904,
          "std": 0.03930908079572431,
          "min": 0.41167710307024263,
          "max": 0.47976242820726717
        },
        "hdbscan_core_ari": {
          "mean": 0.4723626568562059,
          "std": 0.030114049906326962,
          "min": 0.4375899472165905,
          "max": 0.4897490116760136
        },
        "kmeans_ari": {
          "mean": 0.1810545874918704,
          "std": 0.00255213841393222,
          "min": 0.17935524494055324,
          "max": 0.18398934549326262
        },