{
  "config": {
    "seeds": 5,
    "samples": 30,
    "L": 128,
    "T": 500,
    "seed_start": 67000,
    "quick": false
  },
  "elapsed_seconds": 76.59420251846313,
  "tw_reference": {
    "gaussian": {
      "skew": 0.0,
      "exkurt": 0.0
    },
    "tw_goe": {
      "skew": 0.2935,
      "exkurt": 0.1652
    },
    "tw_gue": {
      "skew": 0.2241,
      "exkurt": 0.0934
    }
  },
  "system_height_moments": {
    "ew": {
      "class": "EW",
      "n": 150,
      "skew_mean": 0.012590125375085453,
      "skew_std": 0.1390076989402423,
      "absskew_mean": 0.10894299147646222,
      "exkurt_mean": -0.1645811920016341,
      "exkurt_std": 0.1687976574808794
    },
    "kpz": {
      "class": "KPZ",
      "n": 150,
      "skew_mean": 0.0650165624286877,
      "skew_std": 0.1874963137096204,
      "absskew_mean": 0.15132541993973683,
      "exkurt_mean": -0.1292879083860239,
      "exkurt_std": 0.19971714487659029
    },
    "bd": {
      "class": "KPZ",
      "n": 150,
      "skew_mean": -0.39308774773641414,
      "skew_std": 0.1082338398984183,
      "absskew_mean": 0.39308774773641414,
      "exkurt_mean": 0.38850285447594646,
      "exkurt_std": 0.2517918784536579
    },
    "eden": {
      "class": "KPZ",
      "n": 150,
      "skew_mean": -0.07108803247113415,
      "skew_std": 0.15888617857340528,
      "absskew_mean": 0.13825638784550037,
      "exkurt_mean": -0.0369288200792534,
      "exkurt_std": 0.26131887636024853
    },
    "rd": {
      "class": "trivial",
      "n": 150,
      "skew_mean": 0.07308756279964482,
      "skew_std": 0.14385519037178138,
      "absskew_mean": 0.13302847863918696,
      "exkurt_mean": -0.0185626849723876,
      "exkurt_std": 0.23434375934245175
    },
    "ks": {
      "class": "KS",
      "n": 150,
      "skew_mean": 0.1490526178500979,
      "skew_std": 0.002164662856299839,
      "absskew_mean": 0.1490526178500979,
      "exkurt_mean": -1.4760381462701162,
      "exkurt_std": 0.0006849749883911175
    }
  },
  "representation_summary": {
    "6d_spatial": {
      "hdbscan_all_ari": {
        "mean": 0.46634165301943115,
        "std": 0.0275819857491245,
        "min": 0.4175192501211882,
        "max": 0.4851044545013942
      },
      "hdbscan_core_ari": {
        "mean": 0.4838453463781402,
        "std": 0.01609633601152513,
        "min": 0.4555802866726637,
        "max": 0.49428612936666033
      },
      "kmeans_ari": {
        "mean": 0.18196461886172843,
        "std": 0.0015415868089651214,
        "min": 0.1807446984641892,
        "max": 0.18459597729343333
      },
      "knn3_accuracy": {
        "mean": 0.8188888888888888,
        "std": 0.02681670752477148,
        "min": 0.7888888888888889,
        "max": 0.85
      },
      "ew_kpz_dist": {
        "mean": 1.0270764666544658,
        "std": 0.03249276906065472,
        "min": 0.9802897847369874,
        "max": 1.0693001712734362
      }
    },
    "8d_spatial_height": {
      "hdbscan_all_ari": {
        "mean": 0.4779947327008509,
        "std": 0.009860730463726926,
        "min": 0.4682248079721112,
        "max": 0.4943502824858757
      },
      "hdbscan_core_ari": {
        "mean": 0.49525037759489743,
        "std": 0.006204211189922728,
        "min": 0.49003071570016726,
        "max": 0.505859648592204
      },
      "kmeans_ari": {
        "mean": 0.4943502824858757,
        "std": 0.0,
        "min": 0.4943502824858757,
        "max": 0.4943502824858757
      },
      "knn3_accuracy": {
        "mean": 0.8344444444444443,
        "std": 0.03201080064641756,
        "min": 0.788888888888889,
        "max": 0.8722222222222221
      },
      "ew_kpz_dist": {
        "mean": 1.27939674936896,
        "std": 0.04007370793009834,
        "min": 1.2426261666188088,
        "max": 1.3452243839041012
      }
    },
    "2d_height_only": {
      "hdbscan_all_ari": {
        "mean": 0.29604969581926976,
        "std": 0.05008155183050693,
        "min": 0.206620327232612,
        "max": 0.3201302224633749
      },
      "hdbscan_core_ari": {
        "mean": 0.3022055899849395,
        "std": 0.039735133550442114,
        "min": 0.231126843487984,
        "max": 0.3201302224633749
      },
      "kmeans_ari": {
        "mean": 0.23822444452199254,
        "std": 0.015894526342695933,
        "min": 0.21999980192986338,
        "max": 0.25669897318764534
      },
      "knn3_accuracy": {
        "mean": 0.6166666666666667,
        "std": 0.018002057495577404,
        "min": 0.5944444444444444,
        "max": 0.6333333333333333
      },
      "ew_kpz_dist": {
        "mean": 0.7594463630019209,
        "std": 0.08404829924234357,
        "min": 0.6330220641339095,
        "max": 0.8606840925284964
      }
    },
    "10d_spatial_temporal": {
      "hdbscan_all_ari": {
        "mean": 0.46118496832075273,
        "std": 0.02761537835237838,
        "min": 0.42792486067459845,
        "max": 0.48956846092858025
      },
      "hdbscan_core_ari": {
        "mean": 0.510115325037553,
        "std": 0.027209450660763187,
        "min": 0.488694129333038,
        "max": 0.5522961105795855
      },
      "kmeans_ari": {
        "mean": 0.49293049676407436,
        "std": 0.000929385359950371,
        "min": 0.49209199857337194,
        "max": 0.4943502824858757
      },
      "knn3_accuracy": {
        "mean": 0.97,
        "std": 0.004969039949999627,
        "min": 0.9666666666666666,
        "max": 0.9777777777777779
      },
      "ew_kpz_dist": {
        "mean": 2.0634607523765722,
        "std": 0.04717735584901005,
        "min": 1.998386326411564,
        "max": 2.1220087068994085
      }
    },
    "12d_all": {
      "hdbscan_all_ari": {
        "mean": 0.47355359983836615,
        "std": 0.011675740809872766,
        "min": 0.4620760348086645,
        "max": 0.48956846092858025
      },
      "hdbscan_core_ari": {
        "mean": 0.4950753829487116,
        "std": 0.010456712113302189,
        "min": 0.48700837780215,
        "max": 0.5124457725998437
      },
      "kmeans_ari": {
        "mean": 0.49409204640747584,
        "std": 0.0005774334255451376,
        "min": 0.4930591020938762,
        "max": 0.4943502824858757
      },
      "knn3_accuracy": {
        "mean": 0.9622222222222222,
        "std": 0.013833221775543069,
        "min": 0.9444444444444444,
        "max": 0.9722222222222223
      },
      "ew_kpz_dist": {
        "mean": 2.1997951432419813,
        "std": 0.06085061886160992,
        "min": 2.1389873966843704,
        "max": 2.2899122383376396
      }
    }
  }
}