{
  "experiment": "Exp 52: Ising Coupling Coordinate",
  "timestamp": "2026-02-07T05:14:26.808674",
  "mode": "pilot",
  "parameters": {
    "L": 32,
    "T_c": 2.269185314213022,
    "n_temps": 8,
    "n_samples": 20
  },
  "correlations": {
    "PC1_vs_t": 0.9713449298979252,
    "PC1_vs_T": 0.9713449298979249
  },
  "explained_variance": [
    0.9734325386050333,
    0.02126151637971692,
    0.0047858278895144876,
    0.00031780315393254593,
    0.00014422014085653493,
    5.565909437605171e-05,
    2.434736570284278e-06,
    1.1283539595197106e-17
  ],
  "pc1_loadings": {
    "|m|": -0.3555617330717273,
    "Var(m_local)": 0.3331820626911332,
    "|m_local|": -0.3569964538549752,
    "|\u2207m|": 0.35712326183025805,
    "Var(|\u2207m|)": 0.35393179668789193,
    "boundary": 0.3570413572941183,
    "corr_1": -0.35687154065157606,
    "E/N": 0.3570413572941182
  },
  "success": true
}
